{
    "train": {
        "mix_scp": "/Share/hjy/project/td-speakerbeam/data/tr/mix.scp",
        "ref_scp": "/Share/hjy/project/td-speakerbeam/data/tr/ref.scp",
        "aux_scp": "/Share/hjy/project/td-speakerbeam/data/tr/aux.scp",
        "sample_rate": 8000
    },
    "dev": {
        "mix_scp": "/Share/hjy/project/td-speakerbeam/data/cv/mix.scp",
        "ref_scp": "/Share/hjy/project/td-speakerbeam/data/cv/ref.scp",
        "aux_scp": "/Share/hjy/project/td-speakerbeam/data/cv/aux.scp",
        "sample_rate": 8000
    },
    "chunk_size": 32000
}